<?xml version="1.0"?>
<?mso-application progid="Excel.Sheet"?>
<Workbook xmlns="urn:schemas-microsoft-com:office:spreadsheet"
 xmlns:o="urn:schemas-microsoft-com:office:office"
 xmlns:x="urn:schemas-microsoft-com:office:excel"
 xmlns:ss="urn:schemas-microsoft-com:office:spreadsheet"
 xmlns:html="http://www.w3.org/TR/REC-html40">
 <DocumentProperties xmlns="urn:schemas-microsoft-com:office:office">
  <Author>user</Author>
  <LastAuthor>user</LastAuthor>
  <Created>2022-07-21T04:33:37Z</Created>
  <Version>15.00</Version>
 </DocumentProperties>
 <OfficeDocumentSettings xmlns="urn:schemas-microsoft-com:office:office">
  <AllowPNG/>
 </OfficeDocumentSettings>
 <ExcelWorkbook xmlns="urn:schemas-microsoft-com:office:excel">
  <WindowHeight>12390</WindowHeight>
  <WindowWidth>28800</WindowWidth>
  <WindowTopX>0</WindowTopX>
  <WindowTopY>0</WindowTopY>
  <ProtectStructure>False</ProtectStructure>
  <ProtectWindows>False</ProtectWindows>
 </ExcelWorkbook>
 <Styles>
  <Style ss:ID="Default" ss:Name="Normal">
   <Alignment ss:Vertical="Center"/>
   <Borders/>
   <Font ss:FontName="맑은 고딕" x:CharSet="129" x:Family="Modern" ss:Size="11"
    ss:Color="#000000"/>
   <Interior/>
   <NumberFormat/>
   <Protection/>
  </Style>
 </Styles>
 <Worksheet ss:Name="Sheet1">
  <Table ss:ExpandedColumnCount="6" ss:ExpandedRowCount="4" x:FullColumns="1"
   x:FullRows="1" ss:DefaultColumnWidth="54" ss:DefaultRowHeight="16.5">
   <Row>
    <Cell><Data ss:Type="String">ItemName</Data></Cell>
    <Cell><Data ss:Type="String">ItemPrice</Data></Cell>
    <Cell><Data ss:Type="String">ItemValue</Data></Cell>
    <Cell><Data ss:Type="String">ItemType</Data></Cell>
    <Cell><Data ss:Type="String">Attack</Data></Cell>
    <Cell><Data ss:Type="String">Defence</Data></Cell>
   </Row>
   <Row>
    <Cell><Data ss:Type="String">JaeYoon's Sword</Data></Cell>
    <Cell><Data ss:Type="Number">1000</Data></Cell>
    <Cell><Data ss:Type="Number">4</Data></Cell>
    <Cell><Data ss:Type="Number">1</Data></Cell>
    <Cell><Data ss:Type="Number">5</Data></Cell>
    <Cell><Data ss:Type="Number">0</Data></Cell>
   </Row>
   <Row>
    <Cell><Data ss:Type="String">JongYeon's Shled</Data></Cell>
    <Cell><Data ss:Type="Number">900</Data></Cell>
    <Cell><Data ss:Type="Number">3</Data></Cell>
    <Cell><Data ss:Type="Number">2</Data></Cell>
    <Cell><Data ss:Type="Number">0</Data></Cell>
    <Cell><Data ss:Type="Number">10</Data></Cell>
   </Row>
   <Row>
    <Cell><Data ss:Type="String">Hanil's Keyboard</Data></Cell>
    <Cell><Data ss:Type="Number">3000</Data></Cell>
    <Cell><Data ss:Type="Number">5</Data></Cell>
    <Cell><Data ss:Type="Number">1</Data></Cell>
    <Cell><Data ss:Type="Number">50</Data></Cell>
    <Cell><Data ss:Type="Number">0</Data></Cell>
   </Row>
  </Table>
  <WorksheetOptions xmlns="urn:schemas-microsoft-com:office:excel">
   <PageSetup>
    <Header x:Margin="0.3"/>
    <Footer x:Margin="0.3"/>
    <PageMargins x:Bottom="0.75" x:Left="0.7" x:Right="0.7" x:Top="0.75"/>
   </PageSetup>
   <Selected/>
   <Panes>
    <Pane>
     <Number>3</Number>
     <ActiveRow>6</ActiveRow>
     <ActiveCol>6</ActiveCol>
    </Pane>
   </Panes>
   <ProtectObjects>False</ProtectObjects>
   <ProtectScenarios>False</ProtectScenarios>
  </WorksheetOptions>
 </Worksheet>
</Workbook>
